meta,Constituency name,Lab 2001,Con 2001,LD 2001,SNP 2001,PC 2001,2001 winner,2001 votes,2001 turnout,Lab 2005,Con 2005,LD 2005,SNP 2005,PC 2005,2005 winner,2005 votes,2005 turnout
530,Aberavon,19063,2296,2933,,2955,0,30190,60.8,18077,3064,4114,,3545,0,30078,58.9
588,Aberdeen Central,12025,3761,4547,5379,,0,26429,52.8,,,,,,,,
660,Aberdeen North,,,,,,,,,15557,3456,8762,8168,,0,36634,55.7
589,Aberdeen North,13157,3047,4991,8708,,0,30357,57.6,,,,,,,,
661,Aberdeen South,,,,,,,,,15272,7134,13924,4120,,0,41621,62.1
590,Aberdeen South,14696,7098,10308,4293,,0,36890,62.6,,,,,,,,
662,Airdrie & Shotts,,,,,,,,,19568,3271,3792,5484,,0,33158,53.5
591,Airdrie & Shotts,18472,1960,2376,6138,,0,31730,54.4,,,,,,,,
1,Aldershot,11394,19106,12542,,,1,45318,57.9,9895,20572,15238,,,1,48141,61.3
2,Aldridge-Brownhills,15206,18974,3251,,,1,37810,60.6,13237,18744,4862,,,1,39556,64
3,Altrincham & Sale West,17172,20113,6283,,,1,43568,60.7,13410,20569,9595,,,1,44310,65.9
531,Alyn & Deeside,18525,9303,4585,,1182,0,35421,58.6,17331,8953,6174,,1320,0,35496,60.2
4,Amber Valley,23101,15874,5538,,,0,44513,60.3,21593,16318,6225,,,0,47391,62.9
663,Angus,,,,,,,,,6850,11239,6660,12840,,3,38145,60.5
592,Angus,8183,8736,5015,12347,,3,35013,59.3,,,,,,,,
664,Argyll & Bute,,,,,,,,,9696,10150,15786,6716,,2,43229,64.2
593,Argyll & Bute,7592,6436,9245,6433,,2,30957,63,,,,,,,,
5,Arundel & South Downs,9488,23969,10265,,,1,45889,64.7,8482,24752,13443,,,1,49690,68.5
6,Ashfield,22875,9607,4428,,,0,39350,53.6,20433,10220,5829,,,0,42051,57.3
7,Ashford,15380,22739,7236,,,1,47937,62.5,13353,26651,8308,,,1,51685,65
8,Ashton under Lyne,22340,6822,4237,,,0,35764,49.1,21211,7259,5108,,,0,36967,51.3
9,Aylesbury,11388,23230,13221,,,1,49087,61.4,9540,25254,14187,,,1,51460,62.4
594,Ayr,16801,14256,2089,4621,,0,38560,69.3,,,,,,,,
665,Ayr Carrick & Cumnock,,,,,,,,,20433,10436,6341,5932,,0,45048,61.3
10,Banbury,18052,23271,8216,,,1,51515,61.8,15585,26382,10076,,,1,56209,64.5
666,Banff & Buchan,,,,,,,,,4476,7207,4952,19044,,3,37216,56.8
595,Banff & Buchan,4363,6207,2769,16710,,3,30806,54.5,,,,,,,,
11,Barking,15302,5768,2450,,,0,25126,45.5,13826,4943,3411,,,0,29106,50.5
12,Barnsley Central,19181,3608,4051,,,0,27543,45.8,17478,3813,4746,,,0,28615,47.2
13,Barnsley East & Mexborough,21945,4024,5156,,,0,32509,49.5,20779,4853,6654,,,0,33026,49.3
14,Barnsley West & Penistone,20244,7892,6428,,,0,34564,52.9,20372,9058,7422,,,0,36852,55
15,Barrow & Furness,21724,11835,4750,,,0,39020,60.3,17360,11323,6130,,,0,36493,59
16,Basildon,21551,13813,3691,,,0,40875,55.1,18720,15578,4473,,,0,43141,58.4
17,Basingstoke,19610,20490,6693,,,1,47995,60.7,15275,19955,9952,,,1,48123,63
18,Bassetlaw,21506,11758,4942,,,0,38895,56.9,22847,12010,5485,,,0,40342,58.1
19,Bath,7269,13478,23372,,,2,46296,64.9,6773,15463,20101,,,2,45836,68.6
20,Batley & Spen,19224,14160,3989,,,0,38542,60.5,17974,12186,5731,,,0,39208,62.3
21,Battersea,18498,13445,4450,,,0,36804,54.5,16569,16406,6006,,,0,41049,59
22,Beaconsfield,9168,22233,9117,,,1,42144,61.6,8422,24126,8873,,,1,43523,63.9
23,Beckenham,15659,20618,7308,,,1,45562,63.1,13782,22183,10862,,,1,48964,65.5
24,Bedford,19454,13297,6425,,,0,40579,59.9,17557,14174,9063,,,0,42072,59.6
25,Bedfordshire North East,14009,22586,7409,,,1,45246,65.1,12474,24725,10320,,,1,49505,68
26,Bedfordshire South West,17701,18477,6473,,,1,43854,60.8,13837,22114,7723,,,1,45814,61.8
667,Berwickshire Roxburgh & Selkirk,,,,,,,,,7206,13092,18993,3885,,2,45388,63.3
27,Berwick-upon-Tweed,6435,10193,18651,,,2,36308,63.8,6618,10420,19052,,,2,36090,63.4
28,Bethnal Green & Bow,19380,9323,5946,,,0,38470,48.6,14978,6244,4928,,,7,44007,51.2
29,Beverley & Holderness,18387,19168,7356,,,1,46375,61.7,17854,20434,9578,,,1,50202,64.8
30,Bexhill & Battle,8702,21555,11052,,,1,44783,64.9,8457,24629,11180,,,1,46834,67.2
31,Bexleyheath & Crayford,17593,16121,4476,,,0,40378,63.5,15171,19722,5144,,,1,42584,65.5
32,Billericay,16595,21608,6323,,,1,45598,58.1,14281,25487,6471,,,1,48858,61.4
33,Birkenhead,20418,4827,3722,,,0,28967,47.7,18059,4602,5125,,,0,27786,48.7
34,Birmingham Edgbaston,18517,13819,4528,,,0,37749,56,16465,14116,5185,,,0,37631,58
35,Birmingham Erdington,17375,7413,3602,,,0,30604,46.6,16810,7235,5027,,,0,31746,48.9
36,Birmingham Hall Green,18049,11401,2926,,,0,33084,57.5,16304,10590,6682,,,0,34536,60.4
37,Birmingham Hodge Hill,16901,5283,2147,,,0,26465,47.9,13822,3768,8373,,,0,28417,52.7
38,Birmingham Ladywood,21694,3551,2586,,,0,31493,44.3,17262,3515,10461,,,0,33246,46.8
39,Birmingham Northfield,16528,8730,3322,,,0,29534,52.8,15419,8965,4171,,,0,31056,56.6
40,Birmingham Perry Barr,17415,8662,8566,,,0,37417,52.6,18269,6513,10321,,,0,38911,55.5
41,Birmingham Selly Oak,21015,10676,6532,,,0,40100,56.3,19226,10375,9591,,,0,41740,59.5
42,Birmingham Sparkbrook & Small Heath,21087,3948,4841,,,0,36647,49.3,13787,3480,7727,,,0,38192,51.8
43,Birmingham Yardley,14085,3941,11507,,,0,30013,57.2,10976,2970,13648,,,2,29431,57.7
44,Bishop Auckland,22680,8754,6073,,,0,38559,57.2,19065,8736,9018,,,0,38128,56.5
45,Blaby,15895,22104,8286,,,1,47642,64.6,14614,22487,9382,,,1,49388,65.5
46,Blackburn,21808,12559,3264,,,0,40484,55.7,17562,9553,8608,,,0,41805,56.9
47,Blackpool North & Fleetwood,21610,15889,4132,,,0,42581,57.2,20620,15558,5533,,,0,43290,57.7
48,Blackpool South,21060,12798,4115,,,0,38792,52.2,19375,11453,5552,,,0,38342,52.1
532,Blaenau Gwent,22855,2383,2945,,3542,0,31725,59.5,11384,816,1511,,843,5,35251,66.1
49,Blaydon,20340,4215,12531,,,0,37086,57.4,20120,3129,14785,,,0,39053,62.6
50,Blyth Valley,20627,5484,8439,,,0,34550,54.6,19659,4982,11132,,,0,35773,56.2
51,Bognor Regis & Littlehampton,11959,17602,6846,,,1,38968,58.2,10361,18183,8927,,,1,40747,62.1
52,Bolsover,26249,7472,4550,,,0,38271,56.7,25217,6702,6780,,,0,38699,57.3
53,Bolton North East,21166,12744,4004,,,0,38950,56,16874,12771,6044,,,0,36911,54.8
54,Bolton South East,21129,8258,3941,,,0,34154,50.1,18129,6491,6047,,,0,31850,50
55,Bolton West,19381,13863,7573,,,0,41214,62.4,17239,15175,7241,,,0,40543,63.5
56,Bootle,21400,2194,2357,,,0,27594,49,19345,1580,2988,,,0,25622,47.7
57,Boston & Skegness,16783,17298,4994,,,1,40313,58.4,13422,19329,3649,,,1,41869,58.8
58,Bosworth,17750,20030,7326,,,1,45106,64.4,14893,20212,10528,,,1,47499,66.3
59,Bournemouth East,7107,15501,12067,,,1,35799,59.2,7191,16925,11681,,,1,37599,59.3
60,Bournemouth West,9699,14417,8468,,,1,33648,54.2,7824,14057,10026,,,1,33924,53.3
61,Bracknell,16249,22962,8424,,,1,49225,60.7,13376,25412,10128,,,1,51141,63.4
62,Bradford North,17419,8450,6924,,,0,35017,52.7,14622,5569,11111,,,0,34397,53.3
63,Bradford South,19603,9941,3717,,,0,35137,51.3,17954,8787,5334,,,0,36605,54.2
64,Bradford West,18401,14236,2437,,,0,38370,53.6,14570,11544,6620,,,0,36369,54
65,Braintree,21123,20765,5664,,,0,50315,63.6,19704,23597,7037,,,1,53055,65.9
533,Brecon & Radnorshire,8024,13073,13824,,1301,2,37516,71.8,5755,13277,17182,,1404,2,38341,69.5
66,Brent East,18325,5278,3065,,,0,28992,49.1,12052,3193,14764,,,2,31068,55.3
67,Brent North,20149,9944,3846,,,0,33939,57.7,17420,11779,5672,,,0,35682,59.3
68,Brent South,20984,3604,3098,,,0,28637,51.2,17501,4485,6175,,,0,29764,52.7
69,Brentford & Isleworth,23275,12957,5994,,,0,44514,53,18329,13918,10477,,,0,46017,54.5
70,Brentwood & Ongar,5505,16558,6772,,,1,43542,67.3,6579,23609,11997,,,1,44145,68.4
534,Bridgend,19422,9377,5330,,2652,0,37004,60.2,16410,9887,7949,,2527,0,37859,59.2
71,Bridgwater,12803,19354,14367,,,1,47847,64.6,12771,21240,10940,,,1,48109,63.5
72,Brigg & Goole,20066,16105,3796,,,0,41054,64.6,19257,16363,5690,,,0,42578,63.2
73,Brighton Kemptown,18745,13823,4064,,,0,39203,58,15858,13121,6560,,,0,39719,60.2
74,Brighton Pavilion,19846,10203,5348,,,0,40723,58.8,15427,10397,7171,,,0,43578,64
75,Bristol East,22180,8788,6915,,,0,40334,57.4,19152,8787,10531,,,0,41720,61.3
76,Bristol North West,24436,13349,7387,,,0,46692,60.8,22192,13230,9545,,,0,47492,61.1
77,Bristol South,23299,9118,6078,,,0,40970,56.5,20778,8466,9636,,,0,42328,59.8
78,Bristol West,20505,16040,16079,,,0,55665,65.6,16859,15429,21987,,,2,57396,70.5
79,Bromley & Chislehurst,12375,21412,8180,,,1,43231,62.9,10241,23583,9368,,,1,46137,64.8
80,Bromsgrove,15502,23640,5430,,,1,45684,67.1,14307,24387,7197,,,1,47810,67.6
81,Broxbourne,11494,20487,4158,,,1,37845,54.9,10369,21878,4973,,,1,40628,59.7
82,Broxtowe,23836,17963,7205,,,0,49004,66.5,20457,18161,7837,,,0,48806,68.6
83,Buckingham,10971,24296,9037,,,1,45272,69.4,9619,27748,9508,,,1,48307,68.7
84,Burnley,18195,7697,5975,,,0,36884,55.6,14999,4206,9221,,,0,38983,59.2
85,Burton,22783,17934,4468,,,0,46457,61.8,19701,18280,6236,,,0,47882,61
86,Bury North,22945,16413,5430,,,0,44788,63,19130,16204,6514,,,0,44439,61.5
87,Bury South,23406,10634,5499,,,0,39539,58.8,19741,10829,6968,,,0,39154,58.5
88,Bury St Edmunds,19347,21850,6998,,,1,50257,66,14402,24332,10423,,,1,52619,66.1
535,Caernarfon,9383,4403,1823,,12894,4,29053,61.4,7538,3483,3508,,12747,4,27999,60.4
536,Caerphilly,22597,4413,3649,,8172,0,38831,57.4,22190,5711,3861,,6831,0,39229,58.6
668,Caithness Sutherland & Easter Ross,,,,,,,,,5789,2835,13957,3686,,2,27663,59.1
596,Caithness Sutherland & Easter Ross,6297,3513,9041,5273,,2,24867,60.3,,,,,,,,
89,Calder Valley,20244,17150,7596,,,0,47425,63,18426,17059,9027,,,0,47770,67
90,Camberwell & Peckham,17473,2740,3350,,,0,25104,46.8,18933,2841,5450,,,0,28991,52
91,Cambridge,19316,9829,10737,,,0,42836,60.6,14813,7193,19152,,,2,43569,62.1
92,Cambridgeshire North East,16759,23132,6733,,,1,48051,60.1,15280,24181,8693,,,1,50877,59.8
93,Cambridgeshire North West,13794,21895,6957,,,1,43956,62.3,12671,22504,11232,,,1,49092,61.6
94,Cambridgeshire South,11737,21387,12984,,,1,48341,67.1,10189,23676,15675,,,1,52648,68.4
95,Cambridgeshire South East,13714,22927,13937,,,1,51886,63.5,11936,26374,17750,,,1,56060,65.3
96,Cannock Chase,23049,12345,5670,,,0,41064,55.9,22139,12912,5934,,,0,43155,57.4
97,Canterbury,16642,18711,8056,,,1,45132,60.9,13642,21113,10059,,,1,47587,66.1
537,Cardiff Central,13451,5537,12792,,1680,0,34842,58.3,12398,3339,17991,,1271,2,36132,59.2
538,Cardiff North,19845,13680,6631,,2471,0,43240,69,17707,16561,8483,,1936,0,45360,70.5
539,Cardiff South & Penarth,20094,7807,4572,,1983,0,35751,57.5,17447,8210,7529,,2023,0,36912,56.2
540,Cardiff West,18594,7273,4458,,3296,0,34083,58.4,15729,7562,6060,,4316,0,34561,57.7
98,Carlisle,17856,12154,4076,,,0,34909,59.4,17019,11324,5916,,,0,35394,59.5
541,Carmarthen East & Dinefwr,13540,4912,2815,,16130,4,38053,70.4,10843,5235,3719,,17561,4,38291,71.6
542,Carmarthen West & Pembrokeshire South,15349,10811,3248,,6893,0,36916,65.3,13953,12043,5399,,5582,0,37863,67.3
597,Carrick Cumnock & Doon Valley,22174,7318,2932,6258,,0,40107,61.8,,,,,,,,
99,Carshalton & Wallington,7466,13742,18289,,,2,40612,60.3,7396,16289,17357,,,2,43061,63.5
100,Castle Point,16753,17738,3116,,,1,39763,58.4,13917,22118,4719,,,1,45802,65.9
669,Central Ayrshire,,,,,,,,,19905,9482,6881,4969,,0,42871,62.5
543,Ceredigion,5338,6730,9297,,13241,4,34606,61.7,4337,4455,13130,,12911,2,35947,67.2
101,Charnwood,15544,23283,7835,,,1,48265,64.5,14762,23571,9057,,,1,50616,66.4
102,Chatham & Aylesford,19180,14840,4705,,,0,39735,57,18387,16055,5744,,,0,42080,59.7
103,Cheadle,6086,18444,18477,,,2,43606,63.2,4169,19169,23189,,,2,47437,69.6
104,Chelmsford West,14185,20446,11197,,,1,48143,61.5,13236,22946,13326,,,1,51052,61.9
105,Cheltenham,5041,14715,19970,,,2,41835,61.9,4988,15819,18122,,,2,43621,61
106,Chesham & Amersham,8497,22867,10985,,,1,45283,64.7,6610,25619,11821,,,1,47097,68
107,Chesterfield,18663,3613,21249,,,2,44441,60.7,17830,3605,20875,,,2,44121,59.6
108,Chichester,10627,23320,11965,,,1,49584,63.8,9632,25302,14442,,,1,52401,66.6
109,Chingford & Woodford Green,12347,17834,5739,,,1,36982,58.5,9914,20555,6832,,,1,38648,63
110,Chipping Barnet,17001,19702,5753,,,1,42456,60.5,13784,19744,6671,,,1,42381,64.1
111,Chorley,25088,16644,5372,,,0,47952,62.2,25131,17506,6932,,,0,49569,62.9
112,Christchurch,7506,27306,13762,,,1,49567,67.4,8051,28208,12649,,,1,51565,69.6
113,Cities of London & Westminster,11238,15737,5218,,,1,33975,47.2,9165,17260,7306,,,1,36487,50.3
114,City of Chester,21760,14866,6589,,,0,44877,63.8,17459,16542,9818,,,0,44903,64.3
115,City of Durham,23254,7167,9813,,,0,41486,59.6,20928,4179,17654,,,0,44364,62.1
116,City of York,25072,11293,8519,,,0,47980,59.7,21836,11364,10166,,,0,46597,61.7
117,Cleethorpes,21032,15412,5080,,,0,42418,62,18889,16247,6437,,,0,43589,61.6
544,Clwyd South,17217,8319,3426,,3982,0,33496,62.4,14808,8460,5105,,3111,0,32931,62.9
545,Clwyd West,13426,12311,3934,,4453,0,34600,64.1,12776,12909,4723,,3874,1,35614,64
598,Clydebank & Milngavie,17249,3514,3909,6525,,0,32491,61.8,,,,,,,,
599,Clydesdale,17822,5034,4111,10028,,0,38222,59.3,,,,,,,,
600,Coatbridge & Chryston,19807,2171,2293,4493,,0,30311,58.1,,,,,,,,
670,Coatbridge Chryston & Bellshill,,,,,,,,,24725,2775,4605,5206,,0,38344,56.9
118,Colchester,10925,13074,18627,,,2,43736,55.4,8886,14868,21145,,,2,44899,56.8
119,Colne Valley,18967,14328,11694,,,0,46987,63.3,17536,16035,11822,,,0,48920,66
120,Congleton,13738,20872,9719,,,1,45083,62.7,12943,21189,12550,,,1,46682,64.2
546,Conwy,14366,8147,5800,,5665,0,34366,62.8,12479,9398,6723,,3730,0,33657,62.3
121,Copeland,17991,13027,3732,,,0,34750,64.9,17033,10713,3880,,,0,33757,62.3
122,Corby,23283,17583,4751,,,0,47222,65.3,20913,19396,6184,,,0,48527,66.5
123,Cornwall North,5257,18250,28082,,,2,53983,63.8,6636,20766,23842,,,2,55982,64.5
124,Cornwall South East,6429,18381,23756,,,2,51753,65.4,6069,18479,24986,,,2,53455,66.2
125,Cotswold,10383,23133,11150,,,1,45981,67.5,8457,23326,13638,,,1,47351,66.7
126,Coventry North East,22739,6988,4163,,,0,37265,50.4,21178,6956,6123,,,0,37195,53
127,Coventry North West,21892,11018,5832,,,0,42551,55.5,20942,11627,7932,,,0,43438,59.4
128,Coventry South,20125,11846,5672,,,0,40096,55.3,18649,12394,7228,,,0,40685,59.1
129,Crawley,19488,12718,5009,,,0,39522,55.2,16411,16374,6503,,,0,41973,58.4
130,Crewe & Nantwich,22556,12650,5595,,,0,41547,60.2,21240,14162,8083,,,0,43485,60
131,Crosby,20327,11974,4084,,,0,36866,64.3,17463,11623,6298,,,0,36194,66.7
132,Croydon Central,21643,17659,5156,,,0,45860,59.1,19899,19974,6384,,,1,48957,60.6
133,Croydon North,26610,9752,4375,,,0,41882,54.7,23555,9667,7560,,,0,43847,52.3
134,Croydon South,13472,22169,8226,,,1,45060,61.4,11792,25320,10049,,,1,48897,63.6
601,Cumbernauld & Kilsyth,16144,1460,1934,8624,,0,29699,59.7,,,,,,,,
671,Cumbernauld Kilsyth & Kirkintilloch East,,,,,,,,,20251,2718,5817,8689,,0,39088,60.4
602,Cunninghame North,15571,6666,3060,7173,,0,33816,61.5,,,,,,,,
603,Cunninghame South,16424,2682,2094,5194,,0,28009,56,,,,,,,,
547,Cynon Valley,17685,2045,2541,,4687,0,26958,55.5,17074,2062,2991,,3815,0,26647,58.7
135,Dagenham,15784,7091,2820,,,0,27580,46.5,15446,7841,3106,,,0,30841,51.3
136,Darlington,22479,12950,4358,,,0,40754,63.4,20643,10239,7269,,,0,39388,60.3
137,Dartford,21466,18160,3781,,,0,44740,61.9,19909,19203,5036,,,0,46779,63.2
138,Daventry,18262,27911,9130,,,1,56684,65.5,16520,31206,9964,,,1,60439,68.1
548,Delyn,17825,9220,5329,,2262,0,34636,63.3,15540,8896,6089,,2524,0,34004,64.4
139,Denton & Reddish,21913,6583,4152,,,0,33593,48.5,20340,6842,5814,,,0,35442,51.9
140,Derby North,22415,15433,6206,,,0,44054,57.6,19272,15515,7209,,,0,43818,64.3
141,Derby South,24310,10455,8310,,,0,43075,55.7,19683,8211,14026,,,0,43373,61.6
142,Derbyshire North East,23437,11179,7508,,,0,42124,58.9,21416,11351,8812,,,0,43434,61.2
143,Derbyshire West,16910,24280,7922,,,1,50589,67.4,13625,24378,11408,,,1,51143,69.2
144,Devizes,13263,25159,11756,,,1,53249,63.7,12519,27253,14059,,,1,56146,65.2
145,Devon East,7974,22681,14486,,,1,47837,68.1,7598,23075,15139,,,1,49247,69.4
146,Devon North,4995,18800,21784,,,2,49254,68.3,4656,18868,23840,,,2,51930,68.1
147,Devon South West,14826,21970,8616,,,1,46904,66.1,11545,21906,11765,,,1,48885,68.6
148,Devon West & Torridge,5959,22280,23474,,,2,55684,70.5,6001,25013,21777,,,1,58584,70.2
149,Dewsbury,18524,11075,4382,,,0,36651,58.8,15807,11192,5624,,,0,38595,62
150,Don Valley,20009,10489,4089,,,0,36630,55.3,19418,10820,6626,,,0,36864,55
151,Doncaster Central,20034,8035,4390,,,0,33902,52.1,17617,6489,7815,,,0,34351,52.3
152,Doncaster North,19788,4601,3323,,,0,31363,50.5,17531,4875,3800,,,0,31578,51.1
153,Dorset North,5334,22314,18517,,,1,47821,66.3,4596,23714,21470,,,1,52815,71.1
154,Dorset South,19027,18874,6531,,,0,45345,65.5,20231,18419,7647,,,0,48584,68.7
155,Dorset West,6733,22126,20712,,,1,49571,67,4124,24763,22302,,,1,53225,76.3
156,Dover,21943,16744,5131,,,0,44960,65.1,21680,16739,7607,,,0,47884,67.6
157,Dudley North,20095,13295,3352,,,0,38564,55.9,18306,12874,4257,,,0,41408,60.2
158,Dudley South,18109,11292,5421,,,0,36344,55.4,17800,13556,4808,,,0,39276,60.2
159,Dulwich & West Norwood,20999,8689,5806,,,0,38247,54.3,19059,9200,10252,,,0,41989,58.1
604,Dumbarton,16151,4648,5265,6576,,0,33994,60.4,,,,,,,,
605,Dumfries,20830,11996,4955,4103,,0,42586,67.7,,,,,,,,
672,Dumfries & Galloway,,,,,,,,,20924,18002,4259,6182,,0,50891,68.5
673,Dumfriesshire Clydesdale & Tweeddale,,,,,,,,,14403,16141,9046,4075,,1,44616,67.6
674,Dundee East,,,,,,,,,14325,5061,4498,14708,,3,39540,62.4
606,Dundee East,14635,3900,2784,10160,,0,32358,57.2,,,,,,,,
675,Dundee West,,,,,,,,,16468,3062,5323,11089,,0,36936,56.1
607,Dundee West,14787,2656,2620,7987,,0,29242,54.4,,,,,,,,
676,Dunfermline & West Fife,,,,,,,,,20111,4376,8549,8026,,0,42394,59.9
608,Dunfermline East,19487,2838,2281,4424,,0,30086,57,,,,,,,,
609,Dunfermline West,16370,3166,4832,5390,,0,30975,57.1,,,,,,,,
160,Durham North,25920,7237,5411,,,0,38568,57,23932,6258,7151,,,0,37341,55.3
161,Durham North West,24526,8193,5846,,,0,39226,58.5,21312,6463,7869,,,0,39509,58
162,Ealing Acton & Shepherd's Bush,20144,9355,6171,,,0,37201,52.6,16579,11059,9986,,,0,39623,56.2
163,Ealing North,25022,13185,5043,,,0,44957,58,20056,13897,9148,,,0,45607,58.2
164,Ealing Southall,22239,8556,4680,,,0,46828,56.8,22937,10147,11497,,,0,47045,56.2
165,Easington,25360,3411,3408,,,0,33010,53.6,22733,3400,4097,,,0,31855,52.1
677,East Dunbartonshire,,,,,,,,,15472,7708,19533,2716,,2,46724,72.1
166,East Ham,27241,6209,2600,,,0,37277,52.3,21326,5196,4296,,,0,39569,50.7
610,East Kilbride,22205,4238,4278,9450,,0,41690,62.6,,,,,,,,
678,East Kilbride Strathaven & Lesmahagow,,,,,,,,,23264,4776,7904,8541,,0,47733,63.5
679,East Lothian,,,,,,,,,18983,7315,11363,5995,,0,45776,64.5
611,East Lothian,17407,6577,6506,5381,,0,36871,62.5,,,,,,,,
680,East Renfrewshire,,,,,,,,,20815,14158,8659,3245,,0,47405,72.1
167,Eastbourne,5967,19738,17584,,,1,44770,60.7,5268,21033,19909,,,1,48392,64.8
168,Eastleigh,10426,16302,19360,,,2,47573,63.8,10238,18648,19216,,,2,49771,64.8
612,Eastwood,23036,13895,6239,4137,,0,48368,70.7,,,,,,,,
169,Eccles,21395,6867,4920,,,0,33182,48.3,19702,6816,6429,,,0,34632,50.2
170,Eddisbury,15988,20556,6975,,,1,44387,64.2,14986,21181,8182,,,1,45674,63.2
613,Edinburgh Central,14495,5643,6353,4832,,0,34390,52,,,,,,,,
681,Edinburgh East,,,,,,,,,15899,4093,9697,6760,,0,39709,61.3
614,Edinburgh East & Musselburgh,18124,3906,4981,5956,,0,34454,58.2,,,,,,,,
682,Edinburgh North & Leith,,,,,,,,,14597,7969,12444,4344,,0,42640,62.7
615,Edinburgh North & Leith,15271,4626,6454,5290,,0,33234,53.2,,,,,,,,
616,Edinburgh Pentlands,15797,14055,4210,4210,,0,38932,65.1,,,,,,,,
683,Edinburgh South,,,,,,,,,14183,10291,13783,2635,,0,42693,70
617,Edinburgh South,15671,6172,10172,3683,,0,37166,58.1,,,,,,,,
684,Edinburgh South West,,,,,,,,,17476,10234,9252,4654,,0,43926,65.4
685,Edinburgh West,,,,,,,,,8433,8817,22417,4124,,2,45265,68.9
618,Edinburgh West,9130,8894,16719,4047,,2,39478,63.8,,,,,,,,
171,Edmonton,20481,10709,2438,,,0,34774,55.8,18456,10381,4162,,,0,34703,59.1
172,Ellesmere Port & Neston,22964,12103,4828,,,0,41528,60.9,20371,13885,6607,,,0,42069,61.6
173,Elmet,22038,17867,5001,,,0,45937,65.6,22260,17732,5923,,,0,47146,68.8
174,Eltham,17855,10859,4121,,,0,33792,58.7,15381,12105,5669,,,0,35305,61.7
175,Enfield North,17888,15597,3355,,,0,38143,56.3,18055,16135,4642,,,0,40749,61.3
176,Enfield Southgate,21727,16181,2935,,,0,41908,63.1,17083,18830,4724,,,1,42210,66.4
177,Epping Forest,12407,20833,7884,,,1,42414,58.4,9425,23783,8279,,,1,43960,60.4
178,Epsom & Ewell,12350,22430,10316,,,1,46643,62.8,10265,27146,10699,,,1,49879,66.1
179,Erewash,23915,16983,5586,,,0,48596,61.9,22472,15388,7073,,,0,50553,64.5
180,Erith & Thamesmead,19769,8602,3800,,,0,33351,50.2,20483,8983,5088,,,0,37651,52.3
181,Esher & Walton,10758,22296,10241,,,1,45531,61.9,9309,21882,14155,,,1,47878,62.2
182,Essex North,14139,21325,7867,,,1,44944,62.7,11908,22811,9831,,,1,47959,65.7
183,Exeter,26194,14435,6512,,,0,52616,64.2,22619,14954,11340,,,0,55068,64.8
686,Falkirk,,,,,,,,,23264,4538,7321,9789,,0,45750,59.6
619,Falkirk East,18536,3252,2992,7824,,0,33702,58.5,,,,,,,,
620,Falkirk West,16022,2321,2203,7490,,0,30891,57.7,,,,,,,,
184,Falmouth & Camborne,18532,14005,11453,,,0,46820,64.3,14861,12644,16747,,,2,48015,67.1
185,Fareham,14380,21389,8503,,,1,45447,62.5,12449,24151,10551,,,1,48576,66.9
186,Faversham & Mid Kent,14556,18739,5529,,,1,41051,60.4,12970,21690,7204,,,1,43626,65.7
187,Feltham & Heston,21406,8749,4998,,,0,36177,49.4,17741,10921,6177,,,0,37282,49.5
621,Fife Central,18310,2351,2775,8235,,0,32512,54.6,,,,,,,,
622,Fife North East,3950,8190,17926,3596,,2,34692,56,,,,,,,,
188,Finchley & Golders Green,20205,16489,5266,,,0,43675,57.3,17487,16746,7282,,,0,43214,61.9
189,Folkestone & Hythe,9260,20645,14738,,,1,45855,64.1,6053,26161,14481,,,1,48503,68.4
190,Forest of Dean,19350,17301,5762,,,0,44607,67.3,17425,19474,8185,,,1,47640,70.9
191,Fylde,13773,23383,6599,,,1,44737,62,11828,24287,7748,,,1,45510,60.1
192,Gainsborough,11484,19555,11280,,,1,42319,64.2,11744,20040,12037,,,1,45681,64.6
623,Galloway & Upper Nithsdale,7258,12222,3698,12148,,1,35914,68.1,,,,,,,,
193,Gateshead East & Washington West,22903,4970,4999,,,0,33615,52.5,20997,4812,7590,,,0,34668,56.4
194,Gedling,22383,16785,4648,,,0,43816,63.9,20329,16518,6070,,,0,44069,63.9
195,Gillingham,18782,16510,5755,,,0,42212,59.5,18621,18367,6734,,,0,45167,62.5
624,Glasgow Anniesland,15102,2651,3244,4048,,0,26722,50.1,,,,,,,,
625,Glasgow Baillieston,14200,1580,1551,4361,,0,23261,47.2,,,,,,,,
626,Glasgow Cathcart,14902,3662,3006,4086,,0,27386,52.6,,,,,,,,
687,Glasgow Central,,,,,,,,,13518,1757,4987,4148,,0,28037,43.8
688,Glasgow East,,,,,,,,,18775,2135,3665,5268,,0,30939,48.2
627,Glasgow Govan,12464,2167,2815,6064,,0,25284,46.8,,,,,,,,
628,Glasgow Kelvin,12014,2388,4754,4513,,0,26802,43.6,,,,,,,,
629,Glasgow Maryhill,13420,1162,2372,3532,,0,22231,40.1,,,,,,,,
689,Glasgow North,,,,,,,,,11001,2441,7663,3614,,0,27921,50.4
690,Glasgow North East,,,,,,,,,,,,5019,,6,28418,45.8
691,Glasgow North West,,,,,,,,,16748,3262,6655,4676,,0,34061,55
630,Glasgow Pollok,15497,1417,1612,4229,,0,25277,51.4,,,,,,,,
631,Glasgow Rutherglen,16760,3301,3689,4135,,0,29213,56.3,,,,,,,,
632,Glasgow Shettleston,13235,1082,1105,3417,,0,20465,39.7,,,,,,,,
692,Glasgow South,,,,,,,,,18153,4836,7321,4860,,0,38431,55.8
693,Glasgow South West,,,,,,,,,18653,1786,3593,4757,,0,30977,50
633,Glasgow Springburn, , , ,4675,,6,24104,43.7,,,,,,,,
694,Glenrothes,,,,,,,,,19395,2651,4728,8731,,0,37366,56.1
196,Gloucester,22067,18187,6875,,,0,48223,59.4,23138,18867,7825,,,0,51803,62.8
695,Gordon,,,,,,,,,8982,7842,20008,7098,,2,44438,61.8
634,Gordon,4730,8049,15928,5760,,2,35001,58.3,,,,,,,,
197,Gosport,14743,17364,6011,,,1,39789,57.1,13538,19268,7145,,,1,43034,60.5
549,Gower,17676,10281,4507,,3865,0,37353,63.4,16786,10083,7291,,3089,0,39542,64.9
198,Grantham & Stamford,16811,21329,6665,,,1,46289,62.2,14664,22109,7838,,,1,47147,63.6
199,Gravesham,21773,16911,4031,,,0,43639,62.7,19085,19739,4851,,,1,45179,65.8
200,Great Grimsby,19118,7634,6265,,,0,33017,52.3,15512,7858,6356,,,0,32964,51.7
201,Great Yarmouth,20344,15780,3392,,,0,40366,58.4,18850,15795,4585,,,0,41378,60.1
635,Greenock & Inverclyde,14929,3000,5039,4248,,0,28419,59.3,,,,,,,,
202,Greenwich & Woolwich,19691,6258,5082,,,0,32536,52,17527,7142,7381,,,0,35615,55.6
203,Guildford,6558,19820,20358,,,2,47842,62.9,5054,22595,22248,,,1,51631,68.3
204,Hackney North & Stoke Newington,18081,4430,4170,,,0,29621,49,14268,4218,6841,,,0,29380,49.6
205,Hackney South & Shoreditch,19471,4180,4422,,,0,30347,47.4,17048,4524,6844,,,0,32237,49.7
206,Halesowen & Rowley Regis,20804,13445,4089,,,0,39274,59.8,19243,14906,5204,,,0,41327,62.9
207,Halifax,19800,13671,5878,,,0,40390,57.8,16579,13162,7100,,,0,39659,61.1
208,Haltemprice & Howden,6898,18994,17091,,,1,43928,65.5,6104,22792,17676,,,1,48029,70.1
209,Halton,23841,6413,4216,,,0,34470,54.1,21460,6854,5869,,,0,34183,53.1
636,Hamilton North & Bellshill,18786,2649,2360,5225,,0,30404,56.8,,,,,,,,
637,Hamilton South,15965,1876,2381,5190,,0,26750,57.3,,,,,,,,
210,Hammersmith & Fulham,19801,17786,5294,,,0,44700,56.4,17378,22407,7116,,,1,49327,62.4
211,Hampshire East,9866,23950,15060,,,1,50289,63.8,8519,24273,18764,,,1,53139,66.9
212,Hampshire North East,8744,23379,10122,,,1,43947,61.6,7630,25407,12858,,,1,47287,64.8
213,Hampshire North West,12365,24374,10329,,,1,48631,63.7,10594,26005,12741,,,1,51265,64.3
214,Hampstead & Highgate,16601,8725,7273,,,0,35407,54.2,14615,10886,10293,,,0,38173,55.5
215,Harborough,9271,20748,15496,,,1,46427,63.3,9222,20536,16644,,,1,47922,64.3
216,Harlow,19169,13941,5381,,,0,40115,59.8,16453,16356,5002,,,0,39733,62.6
217,Harrogate & Knaresborough,3101,14600,23445,,,2,42179,64.7,3627,13684,24113,,,2,42858,65.3
218,Harrow East,26590,15466,6021,,,0,48077,58.9,23445,18715,7747,,,0,50823,60.5
219,Harrow West,23142,16986,5995,,,0,46648,63.5,20298,18270,8188,,,0,47759,64.3
220,Hartlepool,22506,7935,5717,,,0,38051,56.2,18251,4058,10773,,,0,35436,51.5
221,Harwich,21951,19355,4099,,,0,48115,62.1,20315,21235,5913,,,1,50408,62.6
222,Hastings & Rye,19402,15094,4266,,,0,41218,58.4,18107,16081,6479,,,0,43004,67.8
223,Havant,13562,17769,7508,,,1,40437,57.6,11862,18370,8358,,,1,41351,60.3
224,Hayes & Harlington,21279,7813,1958,,,0,32403,56.3,19009,8162,3174,,,0,32389,56.3
225,Hazel Grove,6230,11585,20020,,,2,38478,59.1,6834,11607,19355,,,2,39117,60.8
226,Hemel Hempstead,21389,17647,5877,,,0,45883,63.7,18501,19000,8089,,,1,47108,64.4
227,Hemsworth,23036,7400,3990,,,0,35227,51.8,21630,8149,5766,,,0,36792,54.6
228,Hendon,21432,14015,4724,,,0,40851,52.2,18596,15897,5831,,,0,41839,58.3
229,Henley,9367,20466,12008,,,1,44401,64.3,6862,24894,12101,,,1,46537,67.9
230,Hereford,6739,17276,18244,,,2,44624,63.5,4800,19323,20285,,,2,46894,65.3
231,Hertford & Stortford,15471,21074,9388,,,1,47176,62.8,11977,25074,9129,,,1,49692,67.7
232,Hertfordshire North East,16251,19695,7686,,,1,44645,64.9,13264,22402,10147,,,1,47374,65.6
233,Hertfordshire South West,12752,20933,12431,,,1,47269,64.4,10466,23494,15021,,,1,50088,68.5
234,Hertsmere,14953,19855,6300,,,1,41505,60.3,11572,22665,7817,,,1,42572,63
235,Hexham,16388,18917,6380,,,1,42413,70.9,12585,17605,10673,,,1,41513,68.8
236,Heywood & Middleton,22377,10707,4329,,,0,38779,53.1,19438,8355,7261,,,0,39053,54.6
237,High Peak,22430,17941,7743,,,0,48114,65.2,19809,19074,10000,,,0,49989,66.4
238,Hitchin & Harpenden,14608,21271,8076,,,1,44924,66.9,10499,23627,12234,,,1,47387,70.5
239,Holborn & St Pancras,16770,5258,5595,,,0,31129,49.6,14857,6482,10070,,,0,34359,50.4
240,Hornchurch,16514,15032,2928,,,0,35557,58.3,15875,16355,2894,,,1,38169,63.9
241,Hornsey & Wood Green,21967,6921,11353,,,0,44063,58,18117,6014,20512,,,2,47330,61.8
242,Horsham,10267,26134,12468,,,1,50770,63.8,9320,27240,14613,,,1,54495,67.3
243,Houghton & Washington East,24628,4810,4203,,,0,33641,49.5,22310,4772,6245,,,0,34694,51.7
244,Hove,19253,16082,3823,,,0,41988,59.2,16786,16366,8002,,,0,44796,64.1
245,Huddersfield,18840,8794,5300,,,0,35383,55,16341,7597,7990,,,0,34940,56.6
246,Huntingdon,11211,24507,11715,,,1,49089,62.5,9821,26646,13799,,,1,52418,62.5
247,Hyndburn,20900,12681,3680,,,0,38243,57.6,18136,12549,5577,,,0,39449,58.8
248,Ilford North,18428,16313,4717,,,0,40234,58.4,17128,18781,5896,,,1,43000,60.8
249,Ilford South,24619,10622,4647,,,0,41295,54.3,20856,11628,8761,,,0,42693,53.6
696,Inverclyde,,,,,,,,,18318,3692,6123,7059,,0,36098,60.9
638,Inverness East Nairn & Lochaber,15605,5653,9420,10889,,0,42461,63.2,,,,,,,,
697,Inverness Nairn Badenoch & Strathspey,,,,,,,,,13682,4579,17830,5992,,2,44255,63.6
250,Ipswich,19952,11871,5904,,,0,38873,57,18336,13004,8464,,,0,41878,60.8
251,Isle of Wight,9676,25223,22397,,,1,63482,59.7,11484,32717,19739,,,1,66843,61.3
252,Islington North,18699,3249,5741,,,0,30216,48.8,16118,3740,9402,,,0,31494,53.9
253,Islington South & Finsbury,15217,3860,7937,,,0,28206,47.4,12345,4594,11861,,,0,30961,53.6
550,Islwyn,19505,2543,4196,,3767,0,31691,61.9,19687,3358,3873,,3947,0,30865,61
254,Jarrow,22777,5056,5182,,,0,34479,54.6,20554,4807,6650,,,0,33978,55
255,Keighley,20888,16883,4722,,,0,43333,63.4,20720,15868,5484,,,0,46312,67.9
256,Kensington & Chelsea,6499,15270,4416,,,1,28038,45.2,5521,18144,5726,,,1,31336,50
257,Kettering,24034,23369,5469,,,0,53752,67.4,22100,25401,6882,,,1,55646,68
698,Kilmarnock & Loudoun,,,,,,,,,20976,5026,4945,12273,,0,44383,60.9
639,Kilmarnock & Loudoun,19926,3943,3177,9592,,0,37665,61.7,,,,,,,,
258,Kingston & Surbiton,4302,13866,29542,,,2,49093,67.5,6553,16431,25397,,,2,49750,68.5
259,Kingston-upon-Hull East,19938,4276,4613,,,0,30875,46.4,17609,4138,5862,,,0,31122,47.6
260,Kingston-upon-Hull North,16364,4902,5643,,,0,28633,45.4,15364,3822,8013,,,0,29584,47.3
261,Kingston-upon-Hull West & Hessle,16880,5929,4364,,,0,28916,45.8,15305,5769,5855,,,0,27818,45.2
262,Kingswood,28903,14941,7747,,,0,52676,65.4,26491,18618,9089,,,0,56311,66.7
640,Kirkcaldy,15227,3013,2849,6264,,0,28157,54.6,,,,,,,,
699,Kirkcaldy & Cowdenbeath,,,,,,,,,24278,4308,5450,6062,,0,41796,58.4
263,Knowsley North & Sefton East,25035,6108,5173,,,0,37517,53,23461,5064,7192,,,0,37053,52.6
264,Knowsley South,26071,4250,4755,,,0,36590,51.8,24820,4492,7132,,,0,36444,51.5
700,Lanark & Hamilton East,,,,,,,,,20072,5576,8125,7746,,0,43589,59.1
265,Lancashire West,23404,13761,4966,,,0,42971,59,20746,14662,6059,,,0,43155,57.7
266,Lancaster & Wyre,22556,22075,5383,,,0,52350,66.3,18095,22266,8453,,,1,52061,64.5
267,Leeds Central,18277,3896,3607,,,0,27306,41.7,17526,3865,5660,,,0,29186,46.4
268,Leeds East,18290,5647,3923,,,0,29055,51.5,17799,5587,6221,,,0,30107,55
269,Leeds North East,19540,12451,6325,,,0,39773,62,18632,13370,8427,,,0,41467,65.5
270,Leeds North West,17794,12558,11431,,,0,42451,58.2,14735,11510,16612,,,2,44711,62.4
271,Leeds West,19943,5008,3350,,,0,32094,50,18704,4807,5894,,,0,33719,53.6
272,Leicester East,23402,9960,4989,,,0,40661,62.1,24015,8139,7052,,,0,41306,62.2
273,Leicester South,22958,9715,7243,,,0,42142,58,16688,7549,12971,,,0,42411,58.7
274,Leicester West,18014,8375,5085,,,0,33219,50.9,17184,8114,5803,,,0,33224,53.3
275,Leicestershire North West,23431,15274,4651,,,0,45009,65.8,21449,16972,5682,,,0,47140,66.8
276,Leigh,22783,6421,4524,,,0,35298,49.7,23097,5825,4962,,,0,36484,50.3
277,Leominster,7872,22879,12512,,,1,46729,68,7424,25407,12220,,,1,48793,77.3
278,Lewes,3317,15878,25588,,,2,45433,68.5,4169,15902,24376,,,2,46552,69.4
279,Lewisham Deptford,18915,3622,3409,,,0,29107,46.3,16902,3773,5091,,,0,30393,51.5
280,Lewisham East,16116,7157,4937,,,0,30040,51.5,14263,7512,6787,,,0,31127,52.6
281,Lewisham West,18816,6896,4146,,,0,30815,50.6,16611,6396,6679,,,0,31923,54.7
282,Leyton & Wanstead,19558,6654,5389,,,0,33718,54.8,15234,7393,8377,,,0,33272,55
283,Lichfield,16054,20480,4462,,,1,41680,65.3,14194,21274,6804,,,1,43744,66.7
284,Lincoln,20003,11583,4703,,,0,37125,56,16723,12110,6715,,,0,36856,56.5
641,Linlithgow,17207,2836,2628,8078,,0,31655,58,,,,,,,,
701,Linlithgow & East Falkirk,,,,,,,,,22121,5486,7100,10919,,0,46389,60.5
285,Liverpool Garston,20043,5059,7549,,,0,32651,50.2,18900,3424,11707,,,0,34974,54.9
286,Liverpool Riverside,18201,2142,4251,,,0,25503,34.1,17951,2843,7737,,,0,31191,41.5
287,Liverpool Walton,22143,1726,4147,,,0,28458,43,20322,1655,4365,,,0,27930,45
288,Liverpool Wavertree,20155,3091,7836,,,0,32138,44.3,18441,2331,13268,,,0,35171,50.8
289,Liverpool West Derby,20454,2486,3366,,,0,30907,45.5,19140,2567,3915,,,0,30464,47.2
702,Livingston,,,,,,,,,22657,4499,6832,9560,,0,44337,58.1
642,Livingston,19108,2995,3969,8492,,0,36033,55.6,,,,,,,,
551,Llanelli,17586,3442,3065,,11183,0,36198,62.3,16592,4844,4550,,9358,0,35344,63.5
290,Loughborough,22016,15638,5667,,,0,44254,63.2,19098,17102,8258,,,0,46140,63.8
291,Louth & Horncastle,13989,21543,8928,,,1,44460,62.1,11848,21744,9480,,,1,46683,62
292,Ludlow,5785,16990,18620,,,2,43124,68.4,4974,20979,18952,,,1,46540,72.1
293,Luton North,22187,12210,3795,,,0,39126,59.3,19062,12575,6081,,,0,39122,57.4
294,Luton South,21719,11586,4292,,,0,39351,57,16610,10960,8778,,,0,38918,54.1
295,Macclesfield,15084,22284,8217,,,1,45585,62.3,13227,22628,8918,,,1,45621,63.1
296,Maidenhead,6577,19506,16222,,,1,43318,63.6,4144,23312,17081,,,1,45850,71.7
297,Maidstone & the Weald,12303,22621,9064,,,1,45577,61.6,10814,25670,10808,,,1,48755,65.8
298,Makerfield,23879,6129,3990,,,0,34856,50.9,22494,4345,3789,,,0,35580,51.5
299,Maldon & Chelmsford East,13257,21719,7002,,,1,44100,63.7,11159,23732,9270,,,1,46091,66.3
302,Manchester Blackley,18285,3821,3015,,,0,26527,44.9,17187,3690,5160,,,0,27591,45.8
300,Manchester Central,17812,2328,4070,,,0,25928,39.1,16993,2504,7217,,,0,29264,42
301,Manchester Gorton,17099,2705,5795,,,0,27229,42.7,15480,2848,9672,,,0,29123,45
303,Manchester Withington,19239,5349,7715,,,0,35050,51.9,15205,3919,15872,,,2,37458,55.3
304,Mansfield,21050,10012,5790,,,0,36852,55.2,18400,7035,5316,,,0,38276,55.4
305,Medway,18914,15134,3604,,,0,38610,59.5,17333,17120,5152,,,0,41093,61.1
552,Meirionnydd Nant Conwy,4775,3962,1872,,10459,4,21068,63.5,3983,3402,2192,,10597,4,20640,61.7
306,Meriden,17462,21246,4941,,,1,44559,59.9,15407,22416,7113,,,1,46503,60.1
553,Merthyr Tydfil & Rhymney,19574,2272,2385,,4651,0,31684,57.2,18129,2680,4195,,2972,0,29976,54.9
307,Mid Bedfordshire,14043,22109,9205,,,1,46638,66.1,11351,23345,11990,,,1,50420,68.3
308,Mid Dorset & Poole North,6765,17974,18358,,,2,43718,65.6,5221,16518,22000,,,2,45159,68.5
309,Mid Norfolk,18957,23519,7621,,,1,52548,70.1,16004,23564,12988,,,1,54734,67
310,Mid Sussex,8693,21150,14252,,,1,45822,64.9,6280,23765,17875,,,1,49494,68.6
311,Mid Worcestershire,12310,22937,8420,,,1,44897,62.4,11456,24783,9796,,,1,48127,67.3
312,Middlesbrough,22783,6453,3512,,,0,33717,49.5,18562,5263,5995,,,0,32140,48.8
313,Middlesbrough South & Cleveland East,24321,14970,4700,,,0,43991,61.5,21945,13945,6049,,,0,43696,60.8
703,Midlothian,,,,,,,,,17153,3537,9888,6400,,0,37704,62.2
643,Midlothian,15145,2748,3686,6131,,0,28724,59.1,,,,,,,,
314,Milton Keynes North East,19761,17932,8375,,,0,47094,62.4,18009,19674,9789,,,1,50104,63.6
315,Milton Keynes South West,22484,15506,4828,,,0,45384,59.2,20862,16852,7909,,,0,49209,59.8
316,Mitcham & Morden,22936,9151,3820,,,0,37961,57.8,22489,9929,5583,,,0,39868,61.2
317,Mole Valley,7837,23790,13637,,,1,47072,69.5,5310,27060,15063,,,1,49415,72.5
554,Monmouth,19021,18637,5080,,1068,0,44462,71.5,16869,21396,5852,,993,1,45653,72.4
555,Montgomeryshire,3443,8085,14319,,1969,2,28983,65.5,3454,8246,15419,,2078,2,30097,64.4
704,Moray,,,,,,,,,7919,8520,7460,14196,,3,38793,58.4
644,Moray,8332,7677,5224,10076,,3,33223,57.3,,,,,,,,
318,Morecambe & Lunesdale,20646,15554,3817,,,0,41655,60.7,20331,15563,5741,,,0,41635,61.4
319,Morley & Rothwell,21919,9829,5446,,,0,38442,53.5,20570,8227,6819,,,0,42495,58.8
705,Motherwell & Wishaw,,,,,,,,,21327,3440,4464,6105,,0,37109,55.4
645,Motherwell & Wishaw,16681,3155,2791,5725,,0,29673,56.6,,,,,,,,
556,Neath,21253,3310,3335,,6437,0,35020,62.4,18835,4136,5112,,6125,0,35817,62.2
320,New Forest East,9141,17902,14073,,,1,42178,63.2,5492,21975,15424,,,1,45235,65.9
321,New Forest West,6481,24575,11384,,,1,44087,65,7590,26004,8719,,,1,46067,66.5
322,Newark,16910,20983,5970,,,1,45147,63.5,15482,21946,7276,,,1,45696,63.2
323,Newbury,3523,22092,24507,,,2,50807,67.3,3239,26771,23311,,,1,54673,72
324,Newcastle upon Tyne Central,19169,7414,7564,,,0,34870,51.3,16211,5749,12229,,,0,35920,52.5
325,Newcastle upon Tyne East & Wallsend,20642,3873,6419,,,0,32694,53.2,17462,3532,9897,,,0,31678,50.5
326,Newcastle upon Tyne North,21874,7424,7070,,,0,36368,57.5,19224,6022,12201,,,0,38444,67.6
327,Newcastle-under-Lyme,20650,10664,5993,,,0,38674,58.8,18053,9945,7528,,,0,39788,61.6
557,Newport East,17120,7246,4394,,1519,0,31282,55.7,14389,7459,7551,,1221,0,31825,57.9
558,Newport West,18489,9185,4095,,2510,0,35063,58.7,16021,10563,6398,,1278,0,35732,59.3
328,Norfolk North West,21361,24846,4292,,,1,51203,66.2,16291,25471,7026,,,1,50649,61.6
329,Norfolk South,13719,23589,16696,,,1,55929,67.6,13262,26399,17617,,,1,58974,68.7
330,Norfolk South West,18267,27633,5681,,,1,52949,63.1,15795,25881,10207,,,1,55127,62.5
331,Normanton,19152,9215,4990,,,0,34155,52.2,19161,9159,6357,,,0,37424,57.5
706,North Ayrshire & Arran,,,,,,,,,19417,8121,7264,7938,,0,44205,59.9
707,North East Fife,,,,,,,,,4920,7517,20088,4011,,2,38556,62.1
332,North Norfolk,7490,23495,23978,,,2,56220,70.2,5447,20909,31515,,,2,58965,73
333,Northampton North,20507,12614,7363,,,0,41494,56,16905,12945,10317,,,0,42048,56.9
334,Northampton South,21882,20997,6355,,,0,51029,59.8,19399,23818,8327,,,1,54481,60.7
335,Northavon,6450,19340,29217,,,2,55758,70.7,6277,19839,30872,,,2,59056,72.2
336,Norwich North,21624,15761,6750,,,0,45614,60.9,21097,15638,7616,,,0,47033,61.1
337,Norwich South,19367,10551,9640,,,0,42592,64.7,15904,9567,12251,,,0,42190,65
338,Nottingham East,17530,7210,3874,,,0,29731,45.5,13787,6826,6848,,,0,30091,42.7
339,Nottingham North,19392,7152,3177,,,0,30042,46.7,17842,5671,5190,,,0,30383,49.1
340,Nottingham South,19949,9960,6064,,,0,36605,50.1,16506,9020,7961,,,0,34840,50.6
341,Nuneaton,22577,15042,4820,,,0,43312,60.1,19945,17665,5884,,,0,45280,61.7
646,Ochil,16004,4235,3253,10655,,0,35303,61.3,,,,,,,,
708,Ochil & South Perthshire,,,,,,,,,14645,10021,6218,13957,,0,46697,66
559,Ogmore,18833,3383,3878,,4259,0,30353,58.2,18295,4243,4592,,3148,0,30278,57.8
342,Old Bexley & Sidcup,15785,19130,5792,,,1,42133,62.1,12271,22191,6564,,,1,44572,65.3
343,Oldham East & Saddleworth,17537,7304,14811,,,0,45420,61,17968,7901,14378,,,0,43367,57.3
344,Oldham West & Royton,20441,7076,4975,,,0,39962,57.6,18452,7998,7519,,,0,37562,53.3
647,Orkney & Shetland,3444,3121,6919,2473,,2,16733,52.4,2511,2357,9138,1833,,2,17742,53.7
345,Orpington,5517,22334,22065,,,1,50912,68.4,4914,26718,21771,,,1,54734,69.9
346,Oxford East,19681,7446,9337,,,0,39848,53.5,15405,6992,14442,,,0,41790,57.9
347,Oxford West & Abingdon,9114,15485,24670,,,2,51568,64.5,8725,16653,24336,,,2,52600,65.6
709,Paisley & Renfrewshire North,,,,,,,,,18697,5566,7464,7696,,0,40885,64.8
711,Paisley & Renfrewshire South,,,,,,,,,19904,3188,6672,6653,,0,37860,62.9
648,Paisley North,15058,2404,2709,5737,,0,27153,56.6,,,,,,,,
649,Paisley South,17830,2301,3178,5920,,0,30536,57.2,,,,,,,,
348,Pendle,17729,13454,5479,,,0,39732,63.2,15250,13070,9528,,,0,41132,63.4
349,Penrith & The Border,8177,24302,9625,,,1,44249,65.3,8958,24046,12142,,,1,46882,66.1
650,Perth,9638,11189,4853,11237,,3,37816,61.5,,,,,,,,
712,Perth & North Perthshire,,,,,,,,,8601,13948,7403,15469,,3,45930,64.8
350,Peterborough,17975,15121,5761,,,0,39812,61.3,14624,17364,6876,,,1,41204,61
351,Plymouth Devonport,24322,11289,4513,,,0,41719,56.6,18610,10509,8000,,,0,41982,57.6
352,Plymouth Sutton,19827,12310,5605,,,0,39073,57.1,15497,11388,8685,,,0,38192,56.8
353,Pontefract & Castleford,21890,5512,2315,,,0,31391,49.7,20973,5727,3942,,,0,32947,53.3
560,Pontypridd,22963,5096,4152,,5279,0,38309,58,20919,5321,7728,,4420,0,39634,60.9
354,Poole,10544,17710,10011,,,1,39233,60.7,9376,17571,11583,,,1,40513,63.1
355,Poplar & Canning Town,20862,6758,3795,,,0,34098,45.4,15628,8499,5420,,,0,38195,61.8
356,Portsmouth North,18676,13542,3795,,,0,36866,57.4,15412,14273,6684,,,0,37717,60
357,Portsmouth South,9361,11396,17490,,,2,39215,50.9,8714,13685,17047,,,2,40374,56.9
561,Preseli Pembrokeshire,15206,12260,3882,,4658,0,36777,67.8,13499,14106,4963,,4752,1,38587,69.5
358,Preston,20540,8272,4746,,,0,36041,50,17210,7803,5701,,,0,34081,53.8
359,Pudsey,21717,16091,6423,,,0,45175,63.3,21261,15391,8551,,,0,46444,66
360,Putney,15911,13140,4671,,,0,34254,56.5,13731,15497,5965,,,1,36574,59.5
361,Rayleigh,13144,21434,6614,,,1,42773,61,10883,25609,7406,,,1,46193,64.2
362,Reading East,19531,13943,8078,,,0,43618,58.4,15082,15557,10619,,,1,43912,60.3
363,Reading West,22300,13451,5387,,,0,41986,58.6,18940,14268,6663,,,0,42113,61
364,Redcar,23026,9583,4817,,,0,38198,57.7,19968,6954,7852,,,0,38861,58
365,Redditch,16899,14415,3808,,,0,37032,59.2,18012,15296,5602,,,0,40291,62.8
366,Regent's Park & Kensington North,20247,9981,4669,,,0,37052,48.8,18196,12065,7569,,,0,40680,72.9
367,Reigate,10850,18875,8330,,,1,39474,60.7,8896,20884,9896,,,1,42605,64.8
651,Renfrewshire West,15720,5522,4185,7145,,0,33497,63.3,,,,,,,,
562,Rhondda,23230,1557,1525,,7183,0,34002,60.7,21198,1730,3264,,4956,0,31148,61
368,Ribble South,21386,17594,7150,,,0,46130,62.5,20428,18244,7634,,,0,47511,63
369,Ribble Valley,9793,25308,14070,,,1,49171,66.2,10924,25834,11663,,,1,49766,65.7
370,Richmond,9632,25951,7890,,,1,44034,67.4,8915,26722,7982,,,1,45200,65
371,Richmond Park,5541,18480,23444,,,2,49151,67.6,4768,20280,24011,,,2,51374,72.8
372,Rochdale,19406,5274,13751,,,0,39412,56.7,16343,4270,16787,,,2,40834,58.4
373,Rochford & Southend East,13024,20058,2780,,,1,37452,53.5,12384,17874,5967,,,1,39466,55.4
374,Romford,12954,18931,2869,,,1,35701,59.6,9971,21560,3066,,,1,36482,62.3
375,Romsey,3986,20386,22756,,,2,48459,68.7,4430,22340,22465,,,2,50311,69.7
652,Ross Skye & Inverness West,5880,3096,18832,4901,,2,34812,61.6,,,,,,,,
713,Ross Skye & Lochaber,,,,,,,,,4851,3275,19100,3119,,2,32538,64.4
376,Rossendale & Darwen,20251,15028,6079,,,0,41358,58.8,19073,15397,6670,,,0,44437,61.5
377,Rother Valley,22851,7969,4603,,,0,36803,53.2,21871,7647,6272,,,0,39495,58.1
378,Rotherham,18759,5682,3117,,,0,29354,50.7,15840,4966,5159,,,0,29978,55.1
653,Roxburgh & Berwickshire,4498,6533,14044,2806,,2,28797,61.2,,,,,,,,
379,Rugby & Kenilworth,24221,21344,7444,,,0,53796,67.4,21890,23447,10143,,,1,56947,68.4
380,Ruislip Northwood,10578,18115,7177,,,1,37141,61.1,8323,18939,10029,,,1,39670,65.3
381,Runnymede & Weybridge,12286,20646,6924,,,1,42426,56.1,10017,22366,7771,,,1,43524,58.7
382,Rushcliffe,18512,25869,7395,,,1,54446,66.5,14925,27899,9813,,,1,56311,70.5
714,Rutherglen & Hamilton West,,,,,,,,,24054,3621,7942,6023,,0,43261,58.5
383,Rutland & Melton,14009,22621,8386,,,1,47056,65,12307,25237,9153,,,1,49284,65
384,Ryedale,6470,20711,15836,,,1,43899,66,9148,21251,10782,,,1,44120,65.1
385,Saffron Walden,11305,24485,12481,,,1,50040,65.2,8755,27263,14255,,,1,53020,68.3
386,Salford,14649,3446,3637,,,0,22514,41.6,13007,3440,5062,,,0,22600,35
387,Salisbury,9199,24527,15824,,,1,52603,65.3,9457,25961,14819,,,1,54322,67.6
388,Scarborough & Whitby,22426,18841,3977,,,0,47523,63.2,18003,19248,7495,,,1,46912,71.7
389,Scunthorpe,20096,9724,3156,,,0,33625,56.3,17355,8392,5556,,,0,32664,43.7
390,Sedgefield,26110,8397,3624,,,0,40258,62,24421,5972,4935,,,0,41475,62.2
391,Selby,22652,20514,5569,,,0,50272,64.5,22623,22156,7770,,,0,52549,65.4
392,Sevenoaks,10898,21052,9214,,,1,42614,63.9,9101,22437,9467,,,1,43298,58.7
393,Sheffield Attercliffe,24287,5443,5092,,,0,35824,52.4,22250,5329,6283,,,0,37019,59.1
394,Sheffield Brightside,19650,2601,2238,,,0,25552,46.7,16876,2205,3232,,,0,24629,36.9
395,Sheffield Central,18477,3289,5933,,,0,30069,48.5,14950,3094,7895,,,0,29985,38.4
396,Sheffield Hallam,4758,11856,21203,,,2,38246,63.4,5110,12028,20710,,,2,40527,62.2
397,Sheffield Heeley,19452,4864,7748,,,0,34139,54.4,18405,4987,7035,,,0,34093,50.3
398,Sheffield Hillsborough,24170,7801,9601,,,0,42536,56.6,23477,6890,12234,,,0,45884,61.3
399,Sherwood,24900,15527,5473,,,0,45900,60.7,22824,16172,6384,,,0,47117,62.1
400,Shipley,20243,18815,4996,,,0,46020,66.1,18186,18608,7018,,,1,47666,68.5
401,Shrewsbury & Atcham,22253,18674,6173,,,0,49909,66.6,17152,18960,11487,,,1,50296,68.7
402,Shropshire North,16390,22631,5945,,,1,46520,63.1,12041,23061,9175,,,1,46510,61.4
403,Sittingbourne & Sheppey,17340,13831,5353,,,0,37858,57.5,17051,16972,5183,,,0,40803,53.7
404,Skipton & Ripon,8543,25736,12806,,,1,49126,65.3,9393,25100,13480,,,1,50521,72.6
405,Sleaford & North Hykeham,15568,24190,7894,,,1,48719,65.3,14150,26855,9710,,,1,53397,73
406,Slough,22718,10210,4109,,,0,38998,53.8,17517,9666,5739,,,0,37095,50.5
407,Solihull,12373,21935,12528,,,1,48271,62.6,8058,20617,20896,,,2,52313,68
408,Somerton & Frome,6113,22315,22983,,,2,52684,70.3,5865,22947,23759,,,2,54102,70.7
409,South Derbyshire,26338,18487,5233,,,0,51945,64.1,24823,20328,7600,,,0,55820,65.6
410,South Holland & The Deepings,14512,25611,4761,,,1,46202,62.5,11764,27544,6244,,,1,48249,60.6
411,South Shields,19230,5140,5127,,,0,30448,49.3,18269,5207,5957,,,0,30206,42.2
412,Southampton Itchen,22553,11330,6195,,,0,41373,54,20871,11569,9162,,,0,43225,55.5
413,Southampton Test,21824,10617,7522,,,0,41575,56.3,17845,10827,10368,,,0,41783,53.7
414,Southend West,9372,17313,9319,,,1,37375,58.3,9072,18408,9449,,,1,39830,51.4
415,Southport,6816,15004,18011,,,2,41153,58.1,5277,15255,19093,,,2,41201,69.4
416,Southwark North & Bermondsey,11359,2800,20991,,,2,36862,50.1,12468,4752,17874,,,2,37959,48.2
417,Spelthorne,15589,18851,6156,,,1,41794,60.8,11684,21620,7318,,,1,42829,58.8
418,St Albans,19889,15423,7847,,,0,43761,66.3,15592,16953,11561,,,1,45462,70
419,St Helens North,22977,7076,6609,,,0,37601,53.3,22329,7410,8367,,,0,39271,57.8
420,St Helens South,16799,4675,7814,,,0,33804,51.9,19345,4602,10036,,,0,35473,46
421,St Ives,6567,15360,25413,,,2,49266,66.3,6583,13968,25577,,,2,50417,72.4
422,Stafford,21285,16253,4205,,,0,44366,65.3,19889,17768,6390,,,0,45554,64.7
423,Staffordshire Moorlands,20904,15066,5928,,,0,42658,63.9,18126,15688,6927,,,0,44253,64
424,Staffordshire South,14414,21295,4891,,,1,42180,60.3,4496,13343,3540,,,1,25635,37.3
425,Stalybridge & Hyde,17781,8922,4327,,,0,32046,48.4,17535,9187,5532,,,0,40114,60.8
426,Stevenage,22025,13459,6027,,,0,42453,61.3,18003,14864,7610,,,0,41934,62.7
715,Stirling,,,,,,,,,15729,10962,9052,5503,,0,43691,67.7
654,Stirling,15175,8901,4208,5877,,0,35930,67.7,,,,,,,,
427,Stockport,20731,9162,5490,,,0,35383,53.3,18069,8906,7832,,,0,35771,54.5
428,Stockton North,22470,7823,4208,,,0,35427,54.3,20012,7575,6869,,,0,36428,57.6
429,Stockton South,23414,14328,6012,,,0,44209,62.2,21480,15341,7171,,,0,44923,63
430,Stoke-on-Trent Central,17170,5325,4148,,,0,28300,47.4,14760,4823,4986,,,0,27907,48.4
431,Stoke-on-Trent North,17460,5676,3580,,,0,30115,51.9,16191,6155,4561,,,0,30760,52.7
432,Stoke-on-Trent South,19366,8877,4724,,,0,36028,51.4,17727,9046,5894,,,0,37820,53.6
433,Stone,16359,22395,6888,,,1,45642,66.3,13644,22733,9111,,,1,47036,66.9
434,Stourbridge,18823,15011,4833,,,0,39924,61.8,17089,16682,6850,,,0,41708,64.7
435,Stratford-on-Avon,9164,27606,15804,,,1,54914,64.4,10145,28652,16468,,,1,58240,68.8
655,Strathkelvin & Bearsden,19250,6635,7533,6675,,0,41486,66.1,,,,,,,,
436,Streatham,21041,6639,6771,,,0,36998,48.7,18950,7238,11484,,,0,40615,51.3
437,Stretford & Urmston,23804,10565,3891,,,0,38973,55,19417,11566,5323,,,0,38101,61.5
438,Stroud,25685,20646,6036,,,0,55175,69.9,22527,22177,8026,,,0,56875,71.3
439,Suffolk Central & Ipswich North,17455,20924,7593,,,1,47104,63.5,14477,22333,10709,,,1,50866,66.7
440,Suffolk Coastal,17521,21847,9192,,,1,50407,66.4,13730,23415,11637,,,1,52557,67.9
441,Suffolk South,13667,18748,11296,,,1,45293,66.2,11917,20471,13865,,,1,48707,71.8
442,Suffolk West,15906,20201,5017,,,1,42445,59.6,12773,21682,7573,,,1,44205,60.7
443,Sunderland North,18685,5331,3599,,,0,29820,49,15719,5724,4277,,,0,28913,49.7
444,Sunderland South,19921,6254,3675,,,0,31187,48.3,17982,6923,4492,,,0,30712,49.3
445,Surrey East,8994,24706,11503,,,1,47049,67.1,7288,27659,11738,,,1,49253,66.6
446,Surrey Heath,9640,22401,11582,,,1,45102,59.5,7989,24642,13797,,,1,47858,62.9
447,Surrey South West,4321,22462,21601,,,1,49592,66.9,4150,26420,20709,,,1,52409,71.8
448,Sutton & Cheam,5263,15078,19382,,,2,39723,62.4,4954,16922,19768,,,2,41932,66.2
449,Sutton Coldfield,11805,21909,8268,,,1,43452,60.5,12025,24308,7710,,,1,46318,63.5
563,Swansea East,19612,3026,3064,,3464,0,30072,52.5,17457,3103,6208,,2129,0,30834,52.4
564,Swansea West,15644,6094,5313,,3404,0,32100,56.2,13833,5285,9564,,2150,0,33086,57.1
450,Swindon North,22371,14266,4891,,,0,42328,61,19612,17041,6831,,,0,44885,61
451,Swindon South,22260,14919,5165,,,0,43384,61,17534,16181,7322,,,0,43472,60.2
452,Tamworth,19722,15124,4721,,,0,40250,57.8,18801,16232,6175,,,0,43740,61
453,Tatton,11249,19860,7685,,,1,41278,63.5,9716,21447,9016,,,1,41414,64.6
454,Taunton,8254,23033,22798,,,1,55225,67.6,7132,25191,25764,,,2,59528,69.7
656,Tayside North,5715,12158,4365,15441,,3,38519,62.5,,,,,,,,
455,Teignbridge,7366,23332,26343,,,2,59310,69.3,6931,21593,27808,,,2,60898,68.7
456,Telford,16854,8471,3983,,,0,30875,51.9,16506,11100,4941,,,0,34206,57.7
457,Tewkesbury,12167,20830,11863,,,1,45195,64.3,9179,22339,12447,,,1,45453,63
458,Thanet North,14400,21050,4603,,,1,41868,59.3,14065,21699,6279,,,1,43732,60.1
459,Thanet South,18002,16210,3706,,,0,39431,64.2,16660,15996,5431,,,0,41242,65
460,The Wrekin,19532,15945,4738,,,0,41490,63,17957,18899,6608,,,1,45054,67
461,Thurrock,21121,11124,3846,,,0,37362,48.8,20636,14261,4770,,,0,43692,54.9
462,Tiverton & Honiton,6647,26258,19974,,,1,55784,69.2,7944,27838,16787,,,1,58168,69.8
463,Tonbridge & Malling,12706,20956,7605,,,1,42436,64.4,11005,24357,8980,,,1,46063,67.3
464,Tooting,20332,9932,5583,,,0,37591,54.9,17914,12533,8110,,,0,41568,59
465,Torbay,4484,17307,24015,,,2,47569,65.7,6972,17288,19317,,,2,47303,61.9
565,Torfaen,21883,5603,3936,,2720,0,35242,57.7,20472,5681,5678,,2242,0,35979,59.3
466,Totnes,6005,21914,18317,,,1,49246,67.9,6185,21112,19165,,,1,50575,67.7
467,Tottenham,21317,4401,3008,,,0,31601,48.2,18343,4278,5309,,,0,31664,47.8
468,Truro & St Austell,6889,16231,24296,,,2,50295,63.5,6991,16686,24089,,,2,51564,64.2
469,Tunbridge Wells,9332,19643,9913,,,1,40201,62.3,8736,21083,11095,,,1,42482,65.7
657,Tweeddale Ettrick & Lauderdale,8878,5118,14035,4108,,2,33217,63.9,,,,,,,,
470,Twickenham,6903,16689,24344,,,2,49938,67.4,5868,16731,26696,,,2,51687,71.8
471,Tyne Bridge,18345,3456,3213,,,0,26032,44.2,16151,2962,5751,,,0,26383,49.3
472,Tynemouth,23364,14686,5108,,,0,43903,67.4,20143,16000,6716,,,0,42859,66.9
473,Tyneside North,26127,5459,4649,,,0,37569,57.9,22882,7845,6212,,,0,36939,57.2
474,Upminster,14169,15410,3183,,,1,33851,59.6,10778,16820,3128,,,1,34676,63
475,Uxbridge,13653,15751,3426,,,1,33418,57.6,10669,16840,4544,,,1,34378,59.4
566,Vale of Clwyd,16179,10418,3058,,2300,0,32346,63.1,14875,10206,3820,,2309,0,32313,62.2
567,Vale of Glamorgan,20524,15824,5521,,2867,0,45184,67.4,19481,17673,6140,,2423,0,47324,68.9
476,Vale of York,12516,25033,9799,,,1,48490,66.1,12313,26025,12040,,,1,50378,66.3
477,Vauxhall,19738,4489,6720,,,0,33392,44.8,19744,5405,9767,,,0,37353,46.9
478,Wakefield,20592,12638,5097,,,0,41254,54.5,18802,13648,7063,,,0,43381,59.3
479,Wallasey,22718,10442,4186,,,0,37346,57.6,20085,10976,4770,,,0,36671,57.5
480,Walsall North,18779,9388,2923,,,0,32312,48.9,15990,9350,4144,,,0,33428,52.8
481,Walsall South,20574,10643,2365,,,0,34899,55.7,17633,9687,3240,,,0,35315,58.5
482,Walthamstow,21402,6221,5024,,,0,34429,53.5,17323,6254,9330,,,0,34444,54.6
483,Wansbeck,21617,4774,8516,,,0,37419,59.4,20315,5540,9734,,,0,36834,58.4
484,Wansdyke,22706,17593,7135,,,0,49047,69.3,20686,18847,10050,,,0,50933,72.4
485,Wantage,13875,19475,13776,,,1,49129,64.5,12464,22354,14337,,,1,51931,68.2
486,Warley,19007,7157,3315,,,0,31415,54.1,17462,7315,4277,,,0,32087,57.1
487,Warrington North,24026,8870,5232,,,0,38910,53.7,21632,9428,7699,,,0,40418,55.1
488,Warrington South,22409,15022,7419,,,0,45487,61.2,18972,15457,11111,,,0,46797,61.8
489,Warwick & Leamington,26108,20155,5964,,,0,53539,65.8,22238,21932,8119,,,0,54744,67.4
490,Warwickshire North,24023,14384,5052,,,0,44409,60.2,22561,15008,6212,,,0,46939,62.2
491,Watford,20992,15437,8088,,,0,46372,61.2,16575,14634,15427,,,0,49394,64.8
492,Waveney,23914,15361,5370,,,0,47167,61.6,22505,16590,7497,,,0,49653,64.4
493,Wealden,10705,26279,12507,,,1,52756,63.5,9360,28975,13054,,,1,55653,67.7
494,Weaver Vale,20611,10974,5643,,,0,39271,57.6,18759,11904,7723,,,0,39420,57.1
495,Wellingborough,23867,21512,4763,,,0,51006,65.9,21987,22674,6147,,,1,53005,66.5
496,Wells,7915,22462,19666,,,1,51314,69.2,8288,23071,20031,,,1,52965,68
497,Welwyn Hatfield,18484,17288,6021,,,0,42821,63.9,16226,22172,6318,,,1,44716,68.1
498,Wentworth,22798,6349,3652,,,0,33778,52.8,21225,6169,4800,,,0,35596,56
716,West Aberdeenshire & Kincardine,,,,,,,,,5470,11814,19285,4700,,2,41648,63.5
658,West Aberdeenshire & Kincardine,4669,11686,16507,4634,,2,37914,62,,,,,,,,
499,West Bromwich East,18250,8487,4507,,,0,32664,53.4,19741,8089,4386,,,0,35512,58.6
500,West Bromwich West,19352,7997,2168,,,0,31840,47.7,18951,8057,3583,,,0,34917,52.3
717,West Dunbartonshire,,,,,,,,,21600,2679,5999,9047,,0,41589,61.3
501,West Ham,20449,4804,2166,,,0,29273,48.9,15840,3618,3364,,,0,30966,49.8
502,Westbury,10847,21299,16005,,,1,50628,66.7,9640,24749,19400,,,1,55604,67
659,Western Isles / Na h-Eileanan an Iar,5924,1250,849,4850,,0,13159,60.3,4772,610,1096,6213,,3,13836,64.1
503,Westmorland & Lonsdale,5234,22486,19339,,,1,47903,67.8,3796,22302,22569,,,2,49636,71.6
504,Weston-Super-Mare,9235,18086,18424,,,2,46680,62.8,9169,19804,17725,,,1,49095,65.5
505,Wigan,20739,6996,4970,,,0,33591,52.5,18901,7134,6051,,,0,34278,53.3
506,Wiltshire North,7556,24090,20212,,,1,52948,66.6,6794,26282,20979,,,1,56061,69.3
507,Wimbledon,18806,15062,5341,,,0,41109,64.3,15585,17886,7868,,,1,43404,68.1
508,Winchester,3498,22648,32282,,,2,59158,72.3,4782,23749,31222,,,2,61655,71.9
509,Windsor,10137,19900,11011,,,1,42110,60.9,8339,21646,11354,,,1,43693,64
510,Wirral South,18890,13841,7087,,,0,39818,65.6,16892,13168,8568,,,0,39704,67.5
511,Wirral West,19105,15070,6300,,,0,40475,65,17543,16446,6652,,,0,41233,67.5
512,Witney,14180,22153,10000,,,1,49203,65.9,11845,26571,12415,,,1,53869,69
513,Woking,8714,19747,12988,,,1,42910,60.3,7507,21838,15226,,,1,46045,63.4
514,Wokingham,7633,20216,14222,,,1,43848,64.1,6991,22174,14934,,,1,46072,67.1
515,Wolverhampton North East,18984,9019,2494,,,0,31494,52.1,17948,9792,3845,,,0,32956,54.4
516,Wolverhampton South East,18409,5945,2389,,,0,27297,50.6,16790,6295,3682,,,0,28251,52.3
517,Wolverhampton South West,19735,16248,3425,,,0,40897,60.9,18489,15610,5568,,,0,41679,62.1
518,Woodspring,12499,21297,11816,,,1,48758,68.7,11249,21587,15571,,,1,51618,72
519,Worcester,21478,15712,5578,,,0,44210,62,19421,16277,7557,,,0,46388,64.1
520,Worcestershire West,6275,20597,15223,,,1,44807,67.1,4945,20959,18484,,,1,47077,70.3
521,Workington,23209,12359,5214,,,0,41822,63.4,19554,12659,5815,,,0,39737,64.7
522,Worsley,20193,8406,6188,,,0,35363,51,18859,9491,6902,,,0,36946,53.1
523,Worthing East & Shoreham,12469,18608,9876,,,1,43068,59.9,11365,19548,10844,,,1,44543,61.6
524,Worthing West,9270,20508,11471,,,1,43209,59.7,8630,21383,12004,,,1,44941,62.6
568,Wrexham,15934,6746,5153,,1783,0,30048,59.5,13993,6079,7174,,1744,0,30385,63.3
525,Wycombe,15896,19064,7658,,,1,44974,60.2,13280,20331,8780,,,1,44427,62.2
526,Wyre Forest,10857,9350, ,,,5,49062,68,10716,13489,,,,5,46987,64.2
527,Wythenshawe & Sale East,21032,8424,4320,,,0,35052,48.6,18878,8051,7766,,,0,36184,50.4
528,Yeovil,7077,17338,21266,,,2,48132,63.4,5256,17096,25658,,,2,49913,64.3
569,Ynys Mon,11906,7653,2772,,11106,0,34018,64,12278,3915,2418,,11036,0,35462,67.5
529,Yorkshire East,15179,19861,6300,,,1,43314,59.9,14932,21215,9075,,,1,46925,61.2
